group,function,value,throughput_num,throughput_type,sample_measured_value,unit,iteration_count
pairing 5,,,,,69886236.0,ns,2
pairing 5,,,,,72910046.0,ns,2
pairing 5,,,,,67449279.0,ns,2
pairing 5,,,,,67430939.0,ns,2
pairing 5,,,,,67400459.0,ns,2
pairing 5,,,,,67755177.0,ns,2
pairing 5,,,,,68298809.0,ns,2
pairing 5,,,,,67356198.0,ns,2
pairing 5,,,,,68066403.0,ns,2
pairing 5,,,,,68037824.0,ns,2
pairing 5,,,,,67404138.0,ns,2
pairing 5,,,,,67401089.0,ns,2
pairing 5,,,,,67381418.0,ns,2
pairing 5,,,,,67409608.0,ns,2
pairing 5,,,,,67307036.0,ns,2
pairing 5,,,,,67282246.0,ns,2
pairing 5,,,,,67345447.0,ns,2
pairing 5,,,,,67302736.0,ns,2
pairing 5,,,,,67319817.0,ns,2
pairing 5,,,,,67292836.0,ns,2
pairing 5,,,,,67387698.0,ns,2
pairing 5,,,,,67331016.0,ns,2
pairing 5,,,,,67341377.0,ns,2
pairing 5,,,,,67371188.0,ns,2
pairing 5,,,,,67323927.0,ns,2
pairing 5,,,,,67412179.0,ns,2
pairing 5,,,,,67345087.0,ns,2
pairing 5,,,,,67331746.0,ns,2
pairing 5,,,,,80124872.0,ns,2
pairing 5,,,,,77596144.0,ns,2
pairing 5,,,,,77342379.0,ns,2
pairing 5,,,,,76706924.0,ns,2
pairing 5,,,,,74966083.0,ns,2
pairing 5,,,,,74242867.0,ns,2
pairing 5,,,,,72973537.0,ns,2
pairing 5,,,,,72108918.0,ns,2
pairing 5,,,,,72569638.0,ns,2
pairing 5,,,,,70149972.0,ns,2
pairing 5,,,,,70946800.0,ns,2
pairing 5,,,,,70829577.0,ns,2
pairing 5,,,,,68562985.0,ns,2
pairing 5,,,,,68063164.0,ns,2
pairing 5,,,,,69871865.0,ns,2
pairing 5,,,,,67343297.0,ns,2
pairing 5,,,,,67504271.0,ns,2
pairing 5,,,,,68370071.0,ns,2
pairing 5,,,,,68045863.0,ns,2
pairing 5,,,,,67381548.0,ns,2
pairing 5,,,,,67413099.0,ns,2
pairing 5,,,,,67475070.0,ns,2
pairing 5,,,,,67846569.0,ns,2
pairing 5,,,,,69986658.0,ns,2
pairing 5,,,,,67857879.0,ns,2
pairing 5,,,,,68085344.0,ns,2
pairing 5,,,,,67377648.0,ns,2
pairing 5,,,,,67462760.0,ns,2
pairing 5,,,,,68492694.0,ns,2
pairing 5,,,,,68435082.0,ns,2
pairing 5,,,,,67311957.0,ns,2
pairing 5,,,,,67386768.0,ns,2
pairing 5,,,,,67361907.0,ns,2
pairing 5,,,,,67276546.0,ns,2
pairing 5,,,,,67342307.0,ns,2
pairing 5,,,,,67354117.0,ns,2
pairing 5,,,,,67401189.0,ns,2
pairing 5,,,,,67403959.0,ns,2
pairing 5,,,,,67337677.0,ns,2
pairing 5,,,,,67335917.0,ns,2
pairing 5,,,,,67344397.0,ns,2
pairing 5,,,,,67333246.0,ns,2
pairing 5,,,,,67306906.0,ns,2
pairing 5,,,,,67363847.0,ns,2
pairing 5,,,,,67315596.0,ns,2
pairing 5,,,,,67288866.0,ns,2
pairing 5,,,,,67814218.0,ns,2
pairing 5,,,,,67422279.0,ns,2
pairing 5,,,,,67288496.0,ns,2
pairing 5,,,,,67298806.0,ns,2
pairing 5,,,,,67379178.0,ns,2
pairing 5,,,,,67284605.0,ns,2
pairing 5,,,,,67424570.0,ns,2
pairing 5,,,,,67355147.0,ns,2
pairing 5,,,,,67316177.0,ns,2
pairing 5,,,,,67385898.0,ns,2
pairing 5,,,,,67368348.0,ns,2
pairing 5,,,,,67321647.0,ns,2
pairing 5,,,,,67370708.0,ns,2
pairing 5,,,,,67317546.0,ns,2
pairing 5,,,,,67283536.0,ns,2
pairing 5,,,,,68662638.0,ns,2
pairing 5,,,,,68272828.0,ns,2
pairing 5,,,,,68143746.0,ns,2
pairing 5,,,,,74639736.0,ns,2
pairing 5,,,,,67517491.0,ns,2
pairing 5,,,,,67440740.0,ns,2
pairing 5,,,,,67517861.0,ns,2
pairing 5,,,,,67381387.0,ns,2
pairing 5,,,,,67387738.0,ns,2
pairing 5,,,,,67307566.0,ns,2
pairing 5,,,,,67294776.0,ns,2
